OrderConfirmationTime,Revenue,Prediction
2019-01-01,200,
2019-01-02,480,
2019-01-03,0,
2019-01-04,40,
2019-01-05,640,
2019-01-06,70,
2019-01-07,0,
2019-01-08,500,
2019-01-09,185,
2019-01-10,0,
2019-01-11,0,
2019-01-12,0,
2019-01-13,80,
2019-01-14,0,
2019-01-15,54,
2019-01-16,230,
2019-01-17,0,
2019-01-18,70,
2019-01-19,0,
2019-01-20,1600,
2019-01-21,72,
2019-01-22,480,
2019-01-23,225,
2019-01-24,0,
2019-01-25,0,
2019-01-26,0,
2019-01-27,50,
2019-01-28,0,
2019-01-29,500,
2019-01-30,75,
2019-01-31,0,
2019-02-01,0,
2019-02-02,0,
2019-02-03,1500,
2019-02-04,4800,
2019-02-05,180,
2019-02-06,6195,
2019-02-07,410,
2019-02-08,2400,
2019-02-09,0,
2019-02-10,280,
2019-02-11,30,
2019-02-12,0,
2019-02-13,100,
2019-02-14,0,
2019-02-15,0,
2019-02-16,2792,
2019-02-17,0,
2019-02-18,0,
2019-02-19,215,
2019-02-20,0,
2019-02-21,0,
2019-02-22,9315,
2019-02-23,0,
2019-02-24,60,
2019-02-25,50,
2019-02-26,160,
2019-02-27,0,
2019-02-28,2400,
2019-03-01,0,
2019-03-02,100,
2019-03-03,75,
2019-03-04,0,
2019-03-05,300,
2019-03-06,5440,
2019-03-07,0,
2019-03-08,0,
2019-03-09,140,
2019-03-10,140,
2019-03-11,0,
2019-03-12,400,
2019-03-13,2400,
2019-03-14,108,
2019-03-15,210,
2019-03-16,0,
2019-03-17,0,
2019-03-18,1600,
2019-03-19,0,
2019-03-20,4070,
2019-03-21,121,
2019-03-22,9025,
2019-03-23,100,
2019-03-24,7200,
2019-03-25,472,
2019-03-26,0,
2019-03-27,50,
2019-03-28,150,
2019-03-29,100,
2019-03-30,360,
2019-03-31,0,
2019-04-01,400,
2019-04-02,480,
2019-04-03,800,
2019-04-04,0,
2019-04-05,360,
2019-04-06,32,
2019-04-07,0,
2019-04-08,0,
2019-04-09,120,
2019-04-10,0,
2019-04-11,500,
2019-04-12,0,
2019-04-13,108,
2019-04-14,4500,
2019-04-15,63,
2019-04-16,1000,
2019-04-17,555,
2019-04-18,150,
2019-04-19,150,
2019-04-20,0,
2019-04-21,90,
2019-04-22,0,
2019-04-23,0,
2019-04-24,9160,
2019-04-25,100,
2019-04-26,0,
2019-04-27,1275,
2019-04-28,4800,
2019-04-29,60,
2019-04-30,240,
2019-05-01,7548,
2019-05-02,0,
2019-05-03,0,
2019-05-04,0,
2019-05-05,0,
2019-05-06,0,
2019-05-07,480,
2019-05-08,2675,
2019-05-09,0,
2019-05-10,0,
2019-05-11,0,
2019-05-12,0,
2019-05-13,2020,
2019-05-14,100,
2019-05-15,0,
2019-05-16,0,
2019-05-17,165,
2019-05-18,32,
2019-05-19,160,
2019-05-20,0,
2019-05-21,0,
2019-05-22,320,
2019-05-23,300,
2019-05-24,0,
2019-05-25,160,
2019-05-26,150,
2019-05-27,0,
2019-05-28,2000,
2019-05-29,0,
2019-05-30,250,
2019-05-31,6032,
2019-06-01,0,
2019-06-02,540,
2019-06-03,0,
2019-06-04,0,
2019-06-05,114,
2019-06-06,0,
2019-06-07,0,
2019-06-08,7200,
2019-06-09,2275,
2019-06-10,80,
2019-06-11,125,
2019-06-12,400,
2019-06-13,75,
2019-06-14,175,
2019-06-15,0,
2019-06-16,91,
2019-06-17,120,
2019-06-18,160,
2019-06-19,24,
2019-06-20,24,
2019-06-21,2000,
2019-06-22,2755,
2019-06-23,0,
2019-06-24,0,
2019-06-25,0,
2019-06-26,270,
2019-06-27,150,
2019-06-28,0,
2019-06-29,0,
2019-06-30,0,
2019-07-01,0,
2019-07-02,180,
2019-07-03,2220,
2019-07-04,270,
2019-07-05,0,
2019-07-06,0,
2019-07-07,0,
2019-07-08,350,
2019-07-09,0,
2019-07-10,2150,
2019-07-11,280,
2019-07-12,0,
2019-07-13,0,
2019-07-14,440,
2019-07-15,75,
2019-07-16,0,
2019-07-17,0,
2019-07-18,0,
2019-07-19,0,
2019-07-20,0,
2019-07-21,1500,
2019-07-22,0,
2019-07-23,0,
2019-07-24,0,
2019-07-25,3100,
2019-07-26,32,
2019-07-27,4225,
2019-07-28,20,
2019-07-29,0,
2019-07-30,0,
2019-07-31,8000,
2019-08-01,40,
2019-08-02,0,
2019-08-03,0,
2019-08-04,448,
2019-08-05,0,
2019-08-06,560,
2019-08-07,0,
2019-08-08,0,
2019-08-09,0,
2019-08-10,235,
2019-08-11,35,
2019-08-12,240,
2019-08-13,0,
2019-08-14,0,
2019-08-15,0,
2019-08-16,640,
2019-08-17,0,
2019-08-18,1500,
2019-08-19,0,
2019-08-20,120,
2019-08-21,0,
2019-08-22,50,
2019-08-23,0,
2019-08-24,7000,
2019-08-25,0,
2019-08-26,92,
2019-08-27,0,
2019-08-28,0,
2019-08-29,140,
2019-08-30,3360,
2019-08-31,120,
2019-09-01,7208,
2019-09-02,320,
2019-09-03,0,
2019-09-04,0,
2019-09-05,2000,
2019-09-06,150,
2019-09-07,2400,
2019-09-08,150,
2019-09-09,500,
2019-09-10,1300,
2019-09-11,100,
2019-09-12,3000,
2019-09-13,180,
2019-09-14,0,
2019-09-15,0,
2019-09-16,1500,
2019-09-17,210,
2019-09-18,60,
2019-09-19,0,
2019-09-20,48,
2019-09-21,36,
2019-09-22,0,
2019-09-23,0,
2019-09-24,24,
2019-09-25,0,
2019-09-26,645,
2019-09-27,0,
2019-09-28,0,
2019-09-29,75,
2019-09-30,0,
2019-10-01,450,
2019-10-02,0,
2019-10-03,320,
2019-10-04,3000,
2019-10-05,75,
2019-10-06,0,
2019-10-07,0,
2019-10-08,0,
2019-10-09,0,
2019-10-10,0,
2019-10-11,140,
2019-10-12,300,
2019-10-13,0,
2019-10-14,16,
2019-10-15,500,
2019-10-16,85,
2019-10-17,0,
2019-10-18,0,
2019-10-19,275,
2019-10-20,0,
2019-10-21,0,
2019-10-22,8,
2019-10-23,1600,
2019-10-24,48,
2019-10-25,50,
2019-10-26,0,
2019-10-27,0,
2019-10-28,75,
2019-10-29,425,
2019-10-30,2000,
2019-10-31,0,
2019-11-01,240,
2019-11-02,0,
2019-11-03,140,
2019-11-04,0,
2019-11-05,70,
2019-11-06,0,
2019-11-07,0,
2019-11-08,54,
2019-11-09,75,
2019-11-10,150,
2019-11-11,0,
2019-11-12,0,
2019-11-13,48,
2019-11-14,530,
2019-11-15,455,
2019-11-16,0,
2019-11-17,8,
2019-11-18,105,
2019-11-19,0,
2019-11-20,540,
2019-11-21,820,
2019-11-22,400,
2019-11-23,0,
2019-11-24,100,
2019-11-25,0,
2019-11-26,6060,
2019-11-27,1900,
2019-11-28,300,
2019-11-29,0,
2019-11-30,0,
2019-12-01,95,
2019-12-02,0,
2019-12-03,0,
2019-12-04,440,
2019-12-05,1895,
2019-12-06,90,
2019-12-07,0,
2019-12-08,0,
2019-12-09,0,
2019-12-10,172,
2019-12-11,7218,
2019-12-12,0,
2019-12-13,1305,
2019-12-14,0,
2019-12-15,2200,
2019-12-16,0,
2019-12-17,360,
2019-12-18,60,
2019-12-19,0,
2019-12-20,628,
2019-12-21,0,
2019-12-22,0,
2019-12-23,0,
2019-12-24,0,
2019-12-25,1000,
2019-12-26,480,
2019-12-27,35,
2019-12-28,0,
2019-12-29,0,
2019-12-30,0,
2019-12-31,4000,
2020-01-01,0,
2020-01-02,0,
2020-01-03,80,
2020-01-04,2475,
2020-01-05,0,
2020-01-06,30,
2020-01-07,3270,
2020-01-08,80,
2020-01-09,0,
2020-01-10,150,
2020-01-11,280,
2020-01-12,0,
2020-01-13,0,
2020-01-14,150,
2020-01-15,0,
2020-01-16,150,
2020-01-17,36,
2020-01-18,160,
2020-01-19,0,
2020-01-20,0,
2020-01-21,7200,
2020-01-22,0,
2020-01-23,350,
2020-01-24,400,
2020-01-25,0,
2020-01-26,100,
2020-01-27,7500,
2020-01-28,2036,
2020-01-29,7400,
2020-01-30,1500,
2020-01-31,140,
2020-02-01,210,
2020-02-02,0,
2020-02-03,0,
2020-02-04,630,
2020-02-05,1734,
2020-02-06,0,
2020-02-07,7480,
2020-02-08,136,
2020-02-09,780,
2020-02-10,0,
2020-02-11,3205,
2020-02-12,150,
2020-02-13,70,
2020-02-14,404,
2020-02-15,0,
2020-02-16,200,
2020-02-17,40,
2020-02-18,250,
2020-02-19,75,
2020-02-20,120,
2020-02-21,2500,
2020-02-22,140,
2020-02-23,0,
2020-02-24,0,
2020-02-25,0,
2020-02-26,0,
2020-02-27,0,
2020-02-28,300,
2020-02-29,0,
2020-03-01,150,
2020-03-02,0,
2020-03-03,160,
2020-03-04,150,
2020-03-05,25,
2020-03-06,0,
2020-03-07,0,
2020-03-08,0,
2020-03-09,1065,
2020-03-10,0,
2020-03-11,420,
2020-03-12,0,
2020-03-13,280,
2020-03-14,4500,
2020-03-15,0,
2020-03-16,0,
2020-03-17,4800,
2020-03-18,1200,
2020-03-19,0,
2020-03-20,35,
2020-03-21,100,
2020-03-22,0,
2020-03-23,0,
2020-03-24,175,
2020-03-25,0,
2020-03-26,2575,
2020-03-27,320,
2020-03-28,3490,
2020-03-29,570,
2020-03-30,0,
2020-03-31,1500,
2020-04-01,0,
2020-04-02,318,
2020-04-03,90,
2020-04-04,1200,
2020-04-05,50,
2020-04-06,0,
2020-04-07,0,
2020-04-08,0,
2020-04-09,0,
2020-04-10,0,
2020-04-11,0,
2020-04-12,0,
2020-04-13,0,
2020-04-14,0,
2020-04-15,250,
2020-04-16,0,
2020-04-17,1500,
2020-04-18,0,
2020-04-19,50,
2020-04-20,96,
2020-04-21,15,
2020-04-22,0,
2020-04-23,290,
2020-04-24,1500,
2020-04-25,5245,
2020-04-26,24,
2020-04-27,100,
2020-04-28,0,
2020-04-29,30,
2020-04-30,321,
2020-05-01,175,
2020-05-02,0,
2020-05-03,0,
2020-05-04,3100,
2020-05-05,0,
2020-05-06,9000,
2020-05-07,1200,
2020-05-08,0,
2020-05-09,16,
2020-05-10,150,
2020-05-11,0,
2020-05-12,233,
2020-05-13,48,
2020-05-14,0,
2020-05-15,0,
2020-05-16,420,
2020-05-17,125,
2020-05-18,195,
2020-05-19,240,
2020-05-20,240,
2020-05-21,150,
2020-05-22,75,
2020-05-23,0,
2020-05-24,310,
2020-05-25,0,
2020-05-26,80,
2020-05-27,9000,
2020-05-28,1040,
2020-05-29,0,
2020-05-30,80,
2020-05-31,18,
2020-06-01,500,
2020-06-02,75,
2020-06-03,270,
2020-06-04,8,
2020-06-05,0,
2020-06-06,280,
2020-06-07,75,
2020-06-08,300,
2020-06-09,3175,
2020-06-10,778,
2020-06-11,480,
2020-06-12,120,
2020-06-13,3800,
2020-06-14,555,
2020-06-15,0,
2020-06-16,0,
2020-06-17,50,
2020-06-18,0,
2020-06-19,35,
2020-06-20,6845,
2020-06-21,0,
2020-06-22,270,
2020-06-23,160,
2020-06-24,0,
2020-06-25,24,
2020-06-26,0,
2020-06-27,0,
2020-06-28,0,
2020-06-29,0,
2020-06-30,500,
2020-07-01,1000,
2020-07-02,0,
2020-07-03,125,
2020-07-04,0,
2020-07-05,1675,
2020-07-06,315,
2020-07-07,280,
2020-07-08,3485,
2020-07-09,0,
2020-07-10,0,
2020-07-11,0,
2020-07-12,320,
2020-07-13,2000,
2020-07-14,1500,
2020-07-15,72,
2020-07-16,75,
2020-07-17,300,
2020-07-18,70,
2020-07-19,100,
2020-07-20,0,
2020-07-21,0,
2020-07-22,2500,
2020-07-23,408,
2020-07-24,500,
2020-07-25,0,
2020-07-26,0,
2020-07-27,0,
2020-07-28,270,
2020-07-29,685,
2020-07-30,790,
2020-07-31,3160,
2020-08-01,105,
2020-08-02,100,
2020-08-03,0,
2020-08-04,400,
2020-08-05,175,
2020-08-06,1600,
2020-08-07,75,
2020-08-08,70,
2020-08-09,590,
2020-08-10,1550,
2020-08-11,0,
2020-08-12,0,
2020-08-13,420,
2020-08-14,105,
2020-08-15,150,
2020-08-16,1700,
2020-08-17,100,
2020-08-18,600,
2020-08-19,200,
2020-08-20,590,
2020-08-21,500,
2020-08-22,6000,
2020-08-23,125,
2020-08-24,0,
2020-08-25,400,
2020-08-26,0,
2020-08-27,100,
2020-08-28,6050,
2020-08-29,3000,
2020-08-30,0,
2020-08-31,600,
2020-09-01,780,
2020-09-02,0,
2020-09-03,0,
2020-09-04,350,
2020-09-05,4945,
2020-09-06,0,
2020-09-07,0,
2020-09-08,40,
2020-09-09,35,
2020-09-10,249,
2020-09-11,800,
2020-09-12,125,
2020-09-13,0,
2020-09-14,770,
2020-09-15,0,
2020-09-16,0,
2020-09-17,450,
2020-09-18,40,
2020-09-19,0,
2020-09-20,90,
2020-09-21,0,
2020-09-22,4025,
2020-09-23,4500,
2020-09-24,35,
2020-09-25,1900,
2020-09-26,0,
2020-09-27,6000,
2020-09-28,6000,
2020-09-29,75,
2020-09-30,2050,
2020-10-01,0,
2020-10-02,9093,
2020-10-03,8,
2020-10-04,0,
2020-10-05,70,
2020-10-06,0,
2020-10-07,0,
2020-10-08,210,
2020-10-09,40,
2020-10-10,450,
2020-10-11,0,
2020-10-12,300,
2020-10-13,300,
2020-10-14,0,
2020-10-15,0,
2020-10-16,0,
2020-10-17,0,
2020-10-18,105,
2020-10-19,6140,
2020-10-20,54,
2020-10-21,115,
2020-10-22,280,
2020-10-23,260,
2020-10-24,0,
2020-10-25,0,
2020-10-26,0,
2020-10-27,320,
2020-10-28,0,
2020-10-29,0,
2020-10-30,0,
2020-10-31,370,
2020-11-01,2160,
2020-11-02,0,
2020-11-03,120,
2020-11-04,300,
2020-11-05,1560,
2020-11-06,0,
2020-11-07,0,
2020-11-08,0,
2020-11-09,200,
2020-11-10,0,
2020-11-11,360,
2020-11-12,0,
2020-11-13,16,
2020-11-14,0,
2020-11-15,40,
2020-11-16,0,
2020-11-17,240,
2020-11-18,60,
2020-11-19,0,
2020-11-20,0,
2020-11-21,0,
2020-11-22,408,
2020-11-23,700,
2020-11-24,0,
2020-11-25,0,
2020-11-26,210,
2020-11-27,560,
2020-11-28,100,
2020-11-29,0,
2020-11-30,650,
2020-12-01,0,
2020-12-02,0,
2020-12-03,108,
2020-12-04,180,
2020-12-05,0,
2020-12-06,405,
2020-12-07,185,
2020-12-08,0,
2020-12-09,300,
2020-12-10,200,
2020-12-11,6000,
2020-12-12,0,
2020-12-13,0,
2020-12-14,1200,
2020-12-15,265,
2020-12-16,20,
2020-12-17,450,
2020-12-18,100,
2020-12-19,0,
2020-12-20,210,
2020-12-21,0,
2020-12-22,0,
2020-12-23,0,
2020-12-24,225,
2020-12-25,0,
2020-12-26,2875,
2020-12-27,460,
2020-12-28,4516,
2020-12-29,0,
2020-12-30,240,
2020-12-31,0,
2021-01-01,0,
2021-01-02,0,
2021-01-03,0,
2021-01-04,0,
2021-01-05,509,
2021-01-06,170,
2021-01-07,400,
2021-01-08,280,
2021-01-09,0,
2021-01-10,40,
2021-01-11,15,
2021-01-12,2226,
2021-01-13,300,
2021-01-14,1620,
2021-01-15,185,
2021-01-16,0,
2021-01-17,0,
2021-01-18,210,
2021-01-19,3025,
2021-01-20,0,
2021-01-21,0,
2021-01-22,1200,
2021-01-23,60,
2021-01-24,0,
2021-01-25,100,
2021-01-26,0,
2021-01-27,0,
2021-01-28,0,
2021-01-29,2200,
2021-01-30,1192,
2021-01-31,240,
2021-02-01,6250,
2021-02-02,11370,
2021-02-03,0,
2021-02-04,6090,
2021-02-05,0,
2021-02-06,0,
2021-02-07,0,
2021-02-08,160,
2021-02-09,810,
2021-02-10,0,
2021-02-11,150,
2021-02-12,240,
2021-02-13,0,
2021-02-14,2740,
2021-02-15,0,
2021-02-16,185,
2021-02-17,100,
2021-02-18,115,
2021-02-19,1200,
2021-02-20,2390,
2021-02-21,1500,
2021-02-22,1500,
2021-02-23,0,
2021-02-24,4550,
2021-02-25,0,
2021-02-26,178,
2021-02-27,0,
2021-02-28,0,
2021-03-01,0,
2021-03-02,535,
2021-03-03,0,
2021-03-04,0,
2021-03-05,4290,
2021-03-06,335,
2021-03-07,6065,
2021-03-08,180,
2021-03-09,0,
2021-03-10,0,
2021-03-11,0,
2021-03-12,290,
2021-03-13,105,
2021-03-14,240,
2021-03-15,0,
2021-03-16,140,
2021-03-17,0,
2021-03-18,1140,
2021-03-19,0,
2021-03-20,0,
2021-03-21,332,
2021-03-22,0,
2021-03-23,280,
2021-03-24,0,
2021-03-25,0,
2021-03-26,0,
2021-03-27,1500,
2021-03-28,0,
2021-03-29,0,
2021-03-30,120,
2021-03-31,0,
2021-04-01,105,
2021-04-02,0,
2021-04-03,175,
2021-04-04,0,
2021-04-05,0,
2021-04-06,12775,
2021-04-07,35,
2021-04-08,90,
2021-04-09,0,
2021-04-10,0,
2021-04-11,100,
2021-04-12,0,
2021-04-13,1410,
2021-04-14,70,
2021-04-15,0,
2021-04-16,0,
2021-04-17,142,
2021-04-18,6102,
2021-04-19,0,
2021-04-20,68,
2021-04-21,100,
2021-04-22,1430,
2021-04-23,2000,
2021-04-24,6000,
2021-04-25,0,
2021-04-26,0,
2021-04-27,215,
2021-04-28,2480,
2021-04-29,90,
2021-04-30,270,
2021-05-01,210,
2021-05-02,270,
2021-05-03,50,
2021-05-04,210,
2021-05-05,0,
2021-05-06,0,
2021-05-07,106,
2021-05-08,3000,
2021-05-09,54,
2021-05-10,360,
2021-05-11,0,
2021-05-12,385,
2021-05-13,675,
2021-05-14,360,
2021-05-15,0,
2021-05-16,120,
2021-05-17,0,
2021-05-18,0,
2021-05-19,1650,
2021-05-20,255,
2021-05-21,140,
2021-05-22,310,
2021-05-23,90,
2021-05-24,1548,
2021-05-25,300,
2021-05-26,0,
2021-05-27,150,
2021-05-28,0,
2021-05-29,0,
2021-05-30,0,
2021-05-31,930,
2021-06-01,80,
2021-06-02,0,
2021-06-03,45,
2021-06-04,210,
2021-06-05,90,
2021-06-06,7200,
2021-06-07,0,
2021-06-08,1368,
2021-06-09,340,
2021-06-10,650,
2021-06-11,16,
2021-06-12,75,
2021-06-13,72,
2021-06-14,0,
2021-06-15,3600,
2021-06-16,75,
2021-06-17,0,
2021-06-18,0,
2021-06-19,120,
2021-06-20,0,
2021-06-21,635,
2021-06-22,0,
2021-06-23,0,
2021-06-24,0,
2021-06-25,72,
2021-06-26,0,
2021-06-27,2000,
2021-06-28,2500,
2021-06-29,0,
2021-06-30,6350,
2021-07-01,240,
2021-07-02,0,
2021-07-03,105,
2021-07-04,315,
2021-07-05,300,
2021-07-06,0,
2021-07-07,0,
2021-07-08,0,
2021-07-09,1608,
2021-07-10,82,
2021-07-11,0,
2021-07-12,0,
2021-07-13,0,
2021-07-14,500,
2021-07-15,175,
2021-07-16,174,
2021-07-17,250,
2021-07-18,0,
2021-07-19,35,
2021-07-20,32,
2021-07-21,210,
2021-07-22,16,
2021-07-23,166,
2021-07-24,200,
2021-07-25,0,
2021-07-26,40,
2021-07-27,3075,
2021-07-28,360,
2021-07-29,0,
2021-07-30,120,
2021-07-31,210,
2021-08-01,0,
2021-08-02,75,
2021-08-03,0,
2021-08-04,1000,
2021-08-05,125,
2021-08-06,0,
2021-08-07,52,
2021-08-08,220,
2021-08-09,430,
2021-08-10,408,
2021-08-11,3000,
2021-08-12,6300,
2021-08-13,75,
2021-08-14,60,
2021-08-15,0,
2021-08-16,460,
2021-08-17,50,
2021-08-18,360,
2021-08-19,495,
2021-08-20,200,
2021-08-21,4500,
2021-08-22,10830,
2021-08-23,0,
2021-08-24,0,
2021-08-25,425,
2021-08-26,0,
2021-08-27,100,
2021-08-28,7500,
2021-08-29,1000,
2021-08-30,2660,
2021-08-31,460,
2021-09-01,105,
2021-09-02,180,
2021-09-03,180,
2021-09-04,160,
2021-09-05,160,
2021-09-06,2400,
2021-09-07,0,
2021-09-08,0,
2021-09-09,0,
2021-09-10,75,
2021-09-11,0,
2021-09-12,10260,
2021-09-13,1200,
2021-09-14,0,
2021-09-15,3600,
2021-09-16,300,
2021-09-17,385,
2021-09-18,560,
2021-09-19,1535,
2021-09-20,54,
2021-09-21,2000,
2021-09-22,0,
2021-09-23,0,
2021-09-24,104,
2021-09-25,0,
2021-09-26,0,
2021-09-27,0,
2021-09-28,600,
2021-09-29,150,
2021-09-30,50,
2021-10-01,45,
2021-10-02,0,
2021-10-03,50,
2021-10-04,260,
2021-10-05,0,
2021-10-06,0,
2021-10-07,0,
2021-10-08,230,
2021-10-09,440,
2021-10-10,0,
2021-10-11,390,
2021-10-12,60,
2021-10-13,0,
2021-10-14,340,
2021-10-15,0,
2021-10-16,0,
2021-10-17,180,
2021-10-18,7360,
2021-10-19,3000,
2021-10-20,0,
2021-10-21,0,
2021-10-22,200,
2021-10-23,0,
2021-10-24,180,
2021-10-25,90,
2021-10-26,390,
2021-10-27,0,
2021-10-28,150,
2021-10-29,520,
2021-10-30,1200,
2021-10-31,0,
2021-11-01,0,
2021-11-02,0,
2021-11-03,1000,
2021-11-04,175,
2021-11-05,7500,
2021-11-06,0,
2021-11-07,0,
2021-11-08,0,
2021-11-09,3600,
2021-11-10,0,
2021-11-11,150,
2021-11-12,0,
2021-11-13,6000,
2021-11-14,9256,
2021-11-15,0,
2021-11-16,24,
2021-11-17,70,
2021-11-18,75,
2021-11-19,0,
2021-11-20,6000,
2021-11-21,6000,
2021-11-22,800,
2021-11-23,0,
2021-11-24,140,
2021-11-25,3240,
2021-11-26,380,
2021-11-27,0,
2021-11-28,6400,
2021-11-29,4800,
2021-11-30,320,
2021-12-01,330,
2021-12-02,273,
2021-12-03,0,
2021-12-04,555,
2021-12-05,0,
2021-12-06,2400,
2021-12-07,70,
2021-12-08,0,
2021-12-09,160,
2021-12-10,2600,
2021-12-11,0,
2021-12-12,0,
2021-12-13,0,
2021-12-14,275,
2021-12-15,6340,
2021-12-16,35,
2021-12-17,80,
2021-12-18,3000,
2021-12-19,16,
2021-12-20,60,
2021-12-21,2000,
2021-12-22,150,
2021-12-23,50,
2021-12-24,12000,
2021-12-25,2500,
2021-12-26,175,
2021-12-27,0,
2021-12-28,175,
2021-12-29,200,
2021-12-30,570,
2021-12-31,75,
2022-01-01,0,
2022-01-02,70,
2022-01-03,370,
2022-01-04,0,
2022-01-05,2300,
2022-01-06,0,
2022-01-07,360,
2022-01-08,0,
2022-01-09,0,
2022-01-10,210,
2022-01-11,0,
2022-01-12,520,
2022-01-13,270,
2022-01-14,0,
2022-01-15,0,
2022-01-16,90,
2022-01-17,0,
2022-01-18,0,
2022-01-19,0,
2022-01-20,800,
2022-01-21,210,
2022-01-22,50,
2022-01-23,90,
2022-01-24,3490,
2022-01-25,4800,
2022-01-26,280,
2022-01-27,300,
2022-01-28,0,
2022-01-29,2160,
2022-01-30,2760,
2022-01-31,0,
2022-02-01,4500,
2022-02-02,90,
2022-02-03,7200,
2022-02-04,0,
2022-02-05,1200,
2022-02-06,0,
2022-02-07,0,
2022-02-08,0,
2022-02-09,0,
2022-02-10,0,
2022-02-11,176,
2022-02-12,500,
2022-02-13,180,
2022-02-14,0,
2022-02-15,0,
2022-02-16,0,
2022-02-17,540,
2022-02-18,0,
2022-02-19,0,
2022-02-20,200,
2022-02-21,0,
2022-02-22,0,
2022-02-23,8,
2022-02-24,0,
2022-02-25,450,
2022-02-26,1500,
2022-02-27,0,
2022-02-28,0,
2022-03-01,350,
2022-03-02,0,
2022-03-03,0,
2022-03-04,1000,
2022-03-05,225,
2022-03-06,0,
2022-03-07,0,
2022-03-08,0,
2022-03-09,0,
2022-03-10,1850,
2022-03-11,420,
2022-03-12,550,
2022-03-13,0,
2022-03-14,0,
2022-03-15,150,
2022-03-16,0,
2022-03-17,3020,
2022-03-18,16,
2022-03-19,0,
2022-03-20,0,
2022-03-21,2000,
2022-03-22,0,
2022-03-23,0,
2022-03-24,0,
2022-03-25,300,
2022-03-26,125,
2022-03-27,80,
2022-03-28,0,
2022-03-29,25,
2022-03-30,0,
2022-03-31,60,
2022-04-01,0,
2022-04-02,0,
2022-04-03,0,
2022-04-04,0,
2022-04-05,75,
2022-04-06,0,
2022-04-07,7500,
2022-04-08,400,
2022-04-09,0,
2022-04-10,0,
2022-04-11,0,
2022-04-12,2400,
2022-04-13,348,
2022-04-14,260,
2022-04-15,6060,
2022-04-16,0,
2022-04-17,400,
2022-04-18,270,
2022-04-19,480,
2022-04-20,2400,
2022-04-21,200,
2022-04-22,200,
2022-04-23,7200,
2022-04-24,5200,
2022-04-25,0,
2022-04-26,0,
2022-04-27,105,
2022-04-28,5000,
2022-04-29,0,
2022-04-30,0,
2022-05-01,120,
2022-05-02,540,
2022-05-03,4800,
2022-05-04,54,
2022-05-05,4800,
2022-05-06,8655,
2022-05-07,450,
2022-05-08,2500,
2022-05-09,0,
2022-05-10,0,
2022-05-11,1000,
2022-05-12,0,
2022-05-13,0,
2022-05-14,2000,
2022-05-15,0,
2022-05-16,0,
2022-05-17,0,
2022-05-18,50,
2022-05-19,0,
2022-05-20,0,
2022-05-21,135,
2022-05-22,160,
2022-05-23,0,
2022-05-24,35,
2022-05-25,200,
2022-05-26,175,
2022-05-27,0,
2022-05-28,150,
2022-05-29,600,
2022-05-30,400,
2022-05-31,0,
2022-06-01,100,
2022-06-02,1200,
2022-06-03,0,
2022-06-04,200,
2022-06-05,180,
2022-06-06,0,
2022-06-07,200,
2022-06-08,1600,
2022-06-09,160,
2022-06-10,0,
2022-06-11,35,
2022-06-12,250,
2022-06-13,0,
2022-06-14,2040,
2022-06-15,125,
2022-06-16,7780,
2022-06-17,190,
2022-06-18,0,
2022-06-19,440,
2022-06-20,220,
2022-06-21,0,
2022-06-22,25,
2022-06-23,240,
2022-06-24,200,
2022-06-25,140,
2022-06-26,4500,
2022-06-27,125,
2022-06-28,80,
2022-06-29,1650,
2022-06-30,0,
2022-07-01,280,
2022-07-02,25,
2022-07-03,0,
2022-07-04,3000,
2022-07-05,50,
2022-07-06,7395,
2022-07-07,240,
2022-07-08,1725,
2022-07-09,0,
2022-07-10,150,
2022-07-11,490,
2022-07-12,0,
2022-07-13,0,
2022-07-14,0,
2022-07-15,2500,
2022-07-16,710,
2022-07-17,0,
2022-07-18,0,
2022-07-19,400,
2022-07-20,1665,
2022-07-21,60,
2022-07-22,0,
2022-07-23,0,
2022-07-24,105,
2022-07-25,18,
2022-07-26,1590,
2022-07-27,2800,
2022-07-28,25,
2022-07-29,286,
2022-07-30,18,
2022-07-31,7200,
2022-08-01,0,
2022-08-02,0,
2022-08-03,0,
2022-08-04,0,
2022-08-05,0,
2022-08-06,90,
2022-08-07,280,
2022-08-08,0,
2022-08-09,210,
2022-08-10,0,
2022-08-11,0,
2022-08-12,99,
2022-08-13,3200,
2022-08-14,48,
2022-08-15,32,
2022-08-16,0,
2022-08-17,70,
2022-08-18,70,
2022-08-19,1500,
2022-08-20,0,
2022-08-21,0,
2022-08-22,0,
2022-08-23,478,
2022-08-24,726,
2022-08-25,0,
2022-08-26,120,
2022-08-27,0,
2022-08-28,600,
2022-08-29,0,
2022-08-30,150,
2022-08-31,0,
2022-09-01,0,
2022-09-02,270,
2022-09-03,800,
2022-09-04,9000,
2022-09-05,0,
2022-09-06,0,
2022-09-07,800,
2022-09-08,6000,
2022-09-09,1500,
2022-09-10,0,
2022-09-11,0,
2022-09-12,0,
2022-09-13,1545,
2022-09-14,1572,
2022-09-15,152,
2022-09-16,35,
2022-09-17,36,
2022-09-18,0,
2022-09-19,600,
2022-09-20,0,
2022-09-21,0,
2022-09-22,210,
2022-09-23,105,
2022-09-24,168,
2022-09-25,370,
2022-09-26,80,
2022-09-27,520,
2022-09-28,7410,
2022-09-29,315,
2022-09-30,210,
2022-10-01,110,
2022-10-02,280,
2022-10-03,0,
2022-10-04,400,
2022-10-05,920,
2022-10-06,0,
2022-10-07,75,
2022-10-08,35,
2022-10-09,100,
2022-10-10,440,
2022-10-11,0,
2022-10-12,120,
2022-10-13,0,
2022-10-14,0,
2022-10-15,370,
2022-10-16,0,
2022-10-17,35,
2022-10-18,45,
2022-10-19,0,
2022-10-20,54,
2022-10-21,45,
2022-10-22,280,
2022-10-23,180,
2022-10-24,0,
2022-10-25,3145,
2022-10-26,240,
2022-10-27,0,
2022-10-28,250,
2022-10-29,0,
2022-10-30,180,
2022-10-31,9090,
2022-11-01,128,
2022-11-02,240,
2022-11-03,48,
2022-11-04,7480,
2022-11-05,0,
2022-11-06,0,
2022-11-07,175,
2022-11-08,215,
2022-11-09,4800,
2022-11-10,270,
2022-11-11,0,
2022-11-12,0,
2022-11-13,9000,
2022-11-14,0,
2022-11-15,480,
2022-11-16,675,
2022-11-17,0,
2022-11-18,0,
2022-11-19,0,
2022-11-20,0,
2022-11-21,60,
2022-11-22,75,
2022-11-23,0,
2022-11-24,0,
2022-11-25,0,
2022-11-26,300,
2022-11-27,120,
2022-11-28,280,
2022-11-29,1200,
2022-11-30,0,
2022-12-01,340,
2022-12-02,0,
2022-12-03,0,
2022-12-04,24,
2022-12-05,50,
2022-12-06,90,
2022-12-07,320,
2022-12-08,0,
2022-12-09,460,
2022-12-10,0,
2022-12-11,610,
2022-12-12,180,
2022-12-13,1200,
2022-12-14,360,
2022-12-15,0,
2022-12-16,570,
2022-12-17,100,
2022-12-18,515,
2022-12-19,226,
2022-12-20,0,
2022-12-21,6000,
2022-12-22,2400,
2022-12-23,332,
2022-12-24,35,
2022-12-25,580,
2022-12-26,35,
2022-12-27,0,
2022-12-28,50,
2022-12-29,4670,
2022-12-30,210,
2022-12-31,0,
2023-01-01,210,497.22217
2023-01-02,43,497.22217
2023-01-03,24,497.22217
2023-01-04,280,519.9116
2023-01-05,1650,519.9116
2023-01-06,480,543.98865
2023-01-07,430,448.3878
2023-01-08,0,448.3878
2023-01-09,70,319.064
2023-01-10,140,319.064
2023-01-11,100,319.064
2023-01-12,0,319.064
2023-01-13,4500,319.064
2023-01-14,0,319.064
2023-01-15,0,319.064
2023-01-16,80,295.92633
2023-01-17,280,295.92633
2023-01-18,0,295.92633
2023-01-19,25,399.55768
2023-01-20,100,400.91077
2023-01-21,0,563.7199
2023-01-22,390,563.7199
2023-01-23,100,534.064
2023-01-24,520,571.5841
2023-01-25,325,571.5841
2023-01-26,0,571.5841
2023-01-27,0,766.7472
2023-01-28,0,729.235
2023-01-29,0,747.1317
2023-01-30,0,747.1317
2023-01-31,50,555.86145
2023-02-01,0,860.3929
2023-02-02,225,860.3929
2023-02-03,600,860.3929
2023-02-04,240,719.1935
2023-02-05,48,719.1935
2023-02-06,300,743.27057
2023-02-07,0,619.3135
2023-02-08,0,619.3135
2023-02-09,200,489.9899
2023-02-10,3000,489.9899
2023-02-11,10800,489.9899
2023-02-12,290,489.9899
2023-02-13,0,489.9899
2023-02-14,0,489.9899
2023-02-15,45,489.9899
2023-02-16,270,466.85236
2023-02-17,2140,466.85236
2023-02-18,0,466.85236
2023-02-19,125,466.85236
2023-02-20,0,468.20544
2023-02-21,280,571.90717
2023-02-22,0,571.90717
2023-02-23,210,542.25116
2023-02-24,400,579.77136
2023-02-25,0,579.77136
2023-02-26,0,579.77136
2023-02-27,120,678.7257
2023-02-28,420,699.06415
2023-03-01,0,553.038
2023-03-02,615,553.038
2023-03-03,140,553.038
2023-03-04,0,683.6952
2023-03-05,300,683.6952
2023-03-06,18,707.7723
2023-03-07,0,583.8153
2023-03-08,0,583.8153
2023-03-09,280,454.49167
2023-03-10,0,454.49167
2023-03-11,478,454.49167
2023-03-12,0,454.49167
2023-03-13,400,454.49167
2023-03-14,250,454.49167
2023-03-15,150,454.49167
2023-03-16,0,431.35416
2023-03-17,10700,431.35416
2023-03-18,70,431.35416
2023-03-19,100,431.35416
2023-03-20,0,432.70724
2023-03-21,0,555.19525
2023-03-22,0,555.19525
2023-03-23,3400,525.53925
2023-03-24,570,563.0593
2023-03-25,9000,563.0593
2023-03-26,0,563.0593
2023-03-27,0,664.8794
2023-03-28,0,699.06415
2023-03-29,3000,575.8556
2023-03-30,9000,575.8556
2023-03-31,250,418.24533
2023-04-01,4980,553.038
2023-04-02,0,553.038
2023-04-03,90,553.038
2023-04-04,720,683.6952
2023-04-05,90,683.6952
2023-04-06,450,707.7723
2023-04-07,0,583.8153
2023-04-08,54,583.8153
2023-04-09,0,454.49167
2023-04-10,4500,454.49167
2023-04-11,0,454.49167
2023-04-12,0,454.49167
2023-04-13,0,454.49167
2023-04-14,0,454.49167
2023-04-15,100,454.49167
2023-04-16,35,431.35416
2023-04-17,0,431.35416
2023-04-18,75,431.35416
2023-04-19,25,431.35416
2023-04-20,54,432.70724
2023-04-21,200,555.19525
2023-04-22,150,555.19525
2023-04-23,75,525.53925
2023-04-24,75,563.0593
2023-04-25,20,563.0593
2023-04-26,572,563.0593
2023-04-27,0,664.8794
2023-04-28,50,699.06415
2023-04-29,220,575.8556
2023-04-30,0,575.8556
2023-05-01,0,545.2492
2023-05-02,2440,545.2492
2023-05-03,365,545.2492
2023-05-04,150,675.9063
2023-05-05,345,675.9063
2023-05-06,225,699.98334
2023-05-07,0,576.02637
2023-05-08,75,576.02637
2023-05-09,24,446.70282
2023-05-10,150,446.70282
2023-05-11,600,446.70282
2023-05-12,160,446.70282
2023-05-13,50,446.70282
2023-05-14,240,446.70282
2023-05-15,0,446.70282
2023-05-16,0,423.5653
2023-05-17,350,423.5653
2023-05-18,0,423.5653
2023-05-19,9200,423.5653
2023-05-20,0,424.9184
2023-05-21,0,506.67163
2023-05-22,240,506.67163
2023-05-23,600,477.01556
2023-05-24,0,514.5357
2023-05-25,0,514.5357
2023-05-26,498,514.5357
2023-05-27,480,624.1446
2023-05-28,175,658.3293
2023-05-29,1650,535.1208
2023-05-30,120,535.1208
2023-05-31,400,1105.6141
2023-06-01,980,439.2546
2023-06-02,2047,439.2546
2023-06-03,200,439.2546
2023-06-04,150,569.9119
2023-06-05,0,569.9119
2023-06-06,422,593.98895
2023-06-07,90,470.03198
2023-06-08,240,470.03198
2023-06-09,0,446.70282
2023-06-10,125,446.70282
2023-06-11,90,446.70282
2023-06-12,0,446.70282
2023-06-13,2570,446.70282
2023-06-14,140,446.70282
2023-06-15,0,446.70282
2023-06-16,0,423.5653
2023-06-17,160,423.5653
2023-06-18,108,423.5653
2023-06-19,1200,423.5653
2023-06-20,0,424.9184
2023-06-21,0,506.67163
2023-06-22,480,506.67163
2023-06-23,0,477.01556
2023-06-24,250,514.5357
2023-06-25,0,514.5357
2023-06-26,35,514.5357
2023-06-27,40,624.1446
2023-06-28,57,658.3293
2023-06-29,75,535.1208
2023-06-30,520,535.1208
2023-07-01,0,439.2546
2023-07-02,2400,439.2546
2023-07-03,0,439.2546
2023-07-04,70,569.9119
2023-07-05,0,569.9119
2023-07-06,5080,593.98895
2023-07-07,0,470.03198
2023-07-08,0,470.03198
2023-07-09,1200,446.70282
2023-07-10,0,446.70282
2023-07-11,0,446.70282
2023-07-12,300,446.70282
2023-07-13,670,446.70282
2023-07-14,40,446.70282
2023-07-15,8,446.70282
2023-07-16,1605,423.5653
2023-07-17,75,423.5653
2023-07-18,20,423.5653
2023-07-19,175,423.5653
2023-07-20,1000,424.9184
2023-07-21,240,506.67163
2023-07-22,0,506.67163
2023-07-23,0,477.01556
2023-07-24,102,514.5357
2023-07-25,8,514.5357
2023-07-26,0,514.5357
2023-07-27,210,624.1446
2023-07-28,0,658.3293
2023-07-29,141,535.1208
2023-07-30,0,535.1208
2023-07-31,0,1105.6141
2023-08-01,48,439.2546
2023-08-02,0,439.2546
2023-08-03,200,439.2546
2023-08-04,7250,569.9119
2023-08-05,135,569.9119
2023-08-06,250,593.98895
2023-08-07,70,470.03198
2023-08-08,210,470.03198
2023-08-09,600,446.70282
2023-08-10,940,446.70282
2023-08-11,165,446.70282
2023-08-12,0,446.70282
2023-08-13,0,446.70282
2023-08-14,0,446.70282
2023-08-15,210,446.70282
2023-08-16,175,423.5653
2023-08-17,50,423.5653
2023-08-18,180,423.5653
2023-08-19,400,423.5653
2023-08-20,15,424.9184
2023-08-21,16,506.67163
2023-08-22,0,506.67163
2023-08-23,305,477.01556
2023-08-24,750,514.5357
2023-08-25,250,514.5357
2023-08-26,0,514.5357
2023-08-27,60,624.1446
2023-08-28,100,928.30066
2023-08-29,0,535.1208
2023-08-30,1208,535.1208
2023-08-31,2240,1088.1658
2023-09-01,0,439.2546
2023-09-02,200,439.2546
2023-09-03,90,439.2546
2023-09-04,0,569.9119
2023-09-05,2800,569.9119
2023-09-06,0,593.98895
2023-09-07,0,470.03198
2023-09-08,0,470.03198
2023-09-09,770,446.70282
2023-09-10,0,446.70282
2023-09-11,0,446.70282
2023-09-12,0,446.70282
2023-09-13,20,446.70282
2023-09-14,2575,446.70282
2023-09-15,360,446.70282
2023-09-16,0,423.5653
2023-09-17,125,423.5653
2023-09-18,24,423.5653
2023-09-19,0,423.5653
2023-09-20,0,424.9184
2023-09-21,100,506.67163
2023-09-22,0,506.67163
2023-09-23,0,477.01556
2023-09-24,0,514.5357
2023-09-25,210,514.5357
2023-09-26,360,514.5357
2023-09-27,600,624.1446
2023-09-28,0,928.30066
2023-09-29,0,535.1208
2023-09-30,140,535.1208
2023-10-01,3100,439.2546
2023-10-02,75,439.2546
2023-10-03,0,439.2546
2023-10-04,0,569.9119
2023-10-05,4670,569.9119
2023-10-06,0,593.98895
2023-10-07,0,470.03198
2023-10-08,7350,470.03198
2023-10-09,400,446.70282
2023-10-10,310,446.70282
2023-10-11,0,446.70282
2023-10-12,320,446.70282
2023-10-13,0,446.70282
2023-10-14,300,446.70282
2023-10-15,16,446.70282
2023-10-16,0,423.5653
2023-10-17,1804,423.5653
2023-10-18,2800,423.5653
2023-10-19,500,423.5653
2023-10-20,50,424.9184
2023-10-21,3025,506.67163
2023-10-22,1500,506.67163
2023-10-23,360,477.01556
2023-10-24,250,514.5357
2023-10-25,40,514.5357
2023-10-26,0,514.5357
2023-10-27,0,548.75714
2023-10-28,35,852.91327
2023-10-29,0,535.1208
2023-10-30,0,535.1208
2023-10-31,0,1088.1658
2023-11-01,75,517.25995
2023-11-02,0,517.25995
2023-11-03,0,517.25995
2023-11-04,16,647.9171
2023-11-05,0,647.9171
2023-11-06,555,671.99414
2023-11-07,9000,548.03723
2023-11-08,0,548.03723
2023-11-09,2000,600.6783
2023-11-10,300,600.6783
2023-11-11,50,600.6783
2023-11-12,0,600.6783
2023-11-13,520,600.6783
2023-11-14,0,600.6783
2023-11-15,0,600.6783
2023-11-16,100,577.5409
2023-11-17,480,577.5409
2023-11-18,0,577.5409
2023-11-19,0,577.5409
2023-11-20,2500,578.894
2023-11-21,0,584.6767
2023-11-22,0,584.6767
2023-11-23,120,555.02075
2023-11-24,0,592.54095
2023-11-25,0,592.54095
2023-11-26,180,592.54095
2023-11-27,63,548.75714
2023-11-28,25,852.91327
2023-11-29,0,535.1208
2023-11-30,3773,535.1208
2023-12-01,0,510.43414
2023-12-02,0,510.43414
2023-12-03,240,510.43414
2023-12-04,175,641.0914
2023-12-05,40,641.0914
2023-12-06,0,665.1684
2023-12-07,35,541.2115
2023-12-08,6090,541.2115
2023-12-09,370,593.85254
2023-12-10,105,593.85254
2023-12-11,0,593.85254
2023-12-12,1540,593.85254
2023-12-13,0,593.85254
2023-12-14,0,593.85254
2023-12-15,1200,593.85254
2023-12-16,0,570.71515
2023-12-17,0,570.71515
2023-12-18,0,570.71515
2023-12-19,770,570.71515
2023-12-20,0,572.06824
2023-12-21,320,584.6767
2023-12-22,7600,584.6767
2023-12-23,0,555.02075
2023-12-24,50,592.54095
2023-12-25,3000,592.54095
2023-12-26,0,592.54095
2023-12-27,0,548.75714
2023-12-28,4500,852.91327
2023-12-29,0,535.1208
2023-12-30,0,535.1208
2023-12-31,100,1088.1658
